<?xml version="1.0" encoding="UTF-8" standalone="no"?>
<work-item>
    <field id="assignee">pGUI</field>
    <field id="author">rProject</field>
    <field id="categories">
        <list>
            <item>gui</item>
            <item>dashboards</item>
        </list>
    </field>
    <field id="created">2009-05-24 13:17:34.158 +0200</field>
    <field id="initialEstimate">3d</field>
    <field id="linkedWorkItems">
        <list>
            <struct>
                <item id="role">implements</item>
                <item id="workItem">EL-109</item>
            </struct>
        </list>
    </field>
    <field id="previousStatus">open</field>
    <field id="priority">50.0</field>
    <field id="resolution">done</field>
    <field id="resolvedOn">2009-05-24 13:21:24.993 +0200</field>
    <field id="severity">normal</field>
    <field id="status">verified</field>
    <field id="timeSpent">6d</field>
    <field id="title">Implement Basic Portal view with the table view showing a list of books</field>
    <field id="type">task</field>
</work-item>
