<?xml version="1.0" encoding="UTF-8" standalone="no"?>
<rich-page>
    <field id="author">admin</field>
    <field id="created">2017-01-31 12:04:44.233 +0100</field>
    <field id="homePageContent" text-type="text/html"><![CDATA[<div class="polarion-rp-column" style="width: 100%;">
  <h1 id="polarion_hardcoded_0">Requirement User Story Coverage</h1>
  <p id="polarion_2">
    <span class="polarion-rp-inline-widget" data-widget="com.polarion.scriptInline">
      <span class="polarion-rp-widget-parameters" style="display: none;">
        <sub id="script">
          <sub id="script" style="white-space:pre;">## Reported By
#set($infoText = &quot;Reported by $transaction.users().getBy().id($securityService.getCurrentUser()).render()&lt;br/&gt;$date.long&quot;)
#if($widgetContext.target().isEditor())
	&lt;div style=&quot;color: grey; text-align: left;&quot;&gt;$infoText&lt;div&gt;
#elseif($widgetContext.target().isPdf())
	&lt;div style=&quot;color: grey; text-align: right; position: absolute; top: 22px; right: 10px;&quot;&gt;$infoText&lt;div&gt;
#elseif($widgetContext.target().isPrint())		
	&lt;div style=&quot;text-align: right; position: absolute; top: 35px; right: 10px;&quot;&gt;$infoText&lt;div&gt;
#end</sub>
        </sub>
      </span>
    </span>
  </p>
</div>
<div class="polarion-rp-row-separator" page_min_width="1000"></div>
<div class="polarion-rp-column" style="width: 70%;">
  <div id="polarion_client1" class="polarion-rp-widget-part" data-widget="traceabilitytable">
    <span class="polarion-rp-widget-parameters">
      <sub id="dataSet">
        <sub id="prototype">WorkItem</sub>
        <sub id="subtype">requirement</sub>
        <sub id="queryType">luceneVelocity</sub>
        <sub id="luceneQuery" style="white-space:pre;">#if(!$pageParameters.query.value().isEmpty())$pageParameters.query.value()#end
#if(!$pageParameters.query.value().isEmpty() &amp;&amp; $pageParameters.targetVersion.singleValue()) AND #end
#if($pageParameters.targetVersion.singleValue())targetVersion.KEY:($pageParameters.targetVersion.singleValue().id())#end</sub>
        <sub id="children">
          <sub id="sortBy">
            <sub>
              <sub id="id">id</sub>
              <sub id="descending">false</sub>
            </sub>
          </sub>
        </sub>
      </sub>
      <sub id="settings">
        <sub id="linkedItemTypes">
          <sub id="values">
            <sub>userstory</sub>
          </sub>
        </sub>
        <sub id="linkedRoles">
          <sub id="values">
            <sub>implements</sub>
          </sub>
        </sub>
        <sub id="filterByCoverage" data-inherit="filter_by"></sub>
        <sub id="defectItemTypes">
          <sub id="values">
            <sub>issue</sub>
          </sub>
        </sub>
        <sub id="defectRoles">
          <sub id="values">
            <sub>implements</sub>
          </sub>
        </sub>
      </sub>
      <sub id="advanced">
        <sub id="collapseLimit" data-inherit="collapse_count"></sub>
        <sub id="sourceItemColumnTitle">Requirement</sub>
        <sub id="linkedItemColumnTitle">Item</sub>
        <sub id="defectItemColumnTitle">Issue</sub>
      </sub>
    </span>
  </div>
  <p id="polarion_client2"></p><p id="polarion_client3"></p><p id="polarion_client5"></p>
</div>
<div class="polarion-rp-column" style="width: 30%;">
  <div id="polarion_client7" class="polarion-rp-widget-part" data-widget="com.polarion.pageParametersForm">
    <span class="polarion-rp-widget-parameters">
      <sub id="title"></sub>
      <sub id="content">
        <sub>targetVersion</sub>
        <sub>query</sub>
        <sub>filter_by</sub>
        <sub>collapse_count</sub>
      </sub>
      <sub id="width">300</sub>
    </span>
  </div>
  <p id="polarion_client8" style="text-align: left;">
    <span class="polarion-rp-inline-widget" data-widget="com.polarion.scriptInline">
      <span class="polarion-rp-widget-parameters">
        <sub id="script">
          <sub id="script" style="white-space:pre;">&lt;style&gt;
.polarion-rpe-ParameterEditor-outerPanel {
	border-radius: 5px 5px 5px 5px;
}
.polarion-rp-parameters-form-editor-panel {
	border: none;
}
&lt;/style&gt;

&lt;hr style=&quot;height: 1px; color: lightgray; background-color: lightgray; border: none; width: 300px; float: left;&quot; /&gt;
&lt;br/&gt;</sub>
        </sub>
      </span>
    </span>
  </p>
  <div id="polarion_client6" class="polarion-rp-widget-part" data-widget="com.polarion.multiSetPieChart">
    <span class="polarion-rp-widget-parameters">
      <sub id="title"></sub>
      <sub id="sectors">
        <sub id="elements">
          <sub>
            <sub id="prototype">WorkItem</sub>
            <sub id="subtype">requirement</sub>
            <sub id="queryType">luceneVelocity</sub>
            <sub id="luceneQuery" style="white-space:pre;">## Covered
#if(!$pageContext.coveredIds.equals(&quot;&quot;))
	id:($pageContext.coveredIds)
#else
	NOT *:*
#end</sub>
            <sub id="children">
              <sub id="sectorName">Covered</sub>
              <sub id="sectorColor">#27AE60</sub>
            </sub>
          </sub>
          <sub>
            <sub id="prototype">WorkItem</sub>
            <sub id="subtype">requirement</sub>
            <sub id="queryType">luceneVelocity</sub>
            <sub id="luceneQuery" style="white-space:pre;">## Uncovered
#if(!$pageContext.uncoveredIds.equals(&quot;&quot;))
	id:($pageContext.uncoveredIds)
#else
	NOT *:*
#end</sub>
            <sub id="children">
              <sub id="sectorName">Uncovered</sub>
              <sub id="sectorColor">#C0392B</sub>
            </sub>
          </sub>
        </sub>
      </sub>
      <sub id="showDataLabels">true</sub>
      <sub id="showZeroValues">false</sub>
      <sub id="advanced">
        <sub id="height"></sub>
        <sub id="width">300</sub>
      </sub>
    </span>
  </div>
</div>
<div class="polarion-rp-row-separator"></div>
<span id="polarion-rp-parameters">
  <sub id="collapse_count" data-label="Collapse from number of User Stories" data-type="Integer">5</sub>
  <sub id="filter_by" data-label="Filter Linked Items By Coverage" data-type="CustomEnumeration">
    <sub id="enumerations">
      <sub>
        <sub id="itemValue">hideCovered</sub>
        <sub id="itemName">Hide Covered Work Items</sub>
      </sub>
      <sub>
        <sub id="itemValue">hideNotCovered</sub>
        <sub id="itemName">Hide Not Covered Work Items</sub>
      </sub>
      <sub>
        <sub id="itemValue">displayOnlyProblematic</sub>
        <sub id="itemName">Show Only Problematic Work Items</sub>
      </sub>
    </sub>
    <sub id="allowNoValue">true</sub>
    <sub id="allowMultipleValues">false</sub>
  </sub>
  <sub id="query" data-label="Requirement Query" data-type="String"></sub>
  <sub id="targetVersion" data-label="Target Version" data-type="Enumeration">
    <sub id="enumId">@plan[template.id:release]</sub>
    <sub id="allowNoValue">true</sub>
    <sub id="allowMultipleValues">false</sub>
    <sub id="loadForAllTypes">true</sub>
  </sub>
</span>
<pre id="polarion-rp-page-script">###############################################################################
##
## Page Script
##
## com.polarion.alm.shared.api.transaction.ReadOnlyTransaction $transaction
## com.polarion.alm.shared.api.model.rp.RichPage $page
##

#set($query = &quot;project.id:($page.getReference().projectId()) AND type:requirement&quot;)
#if(!$pageParameters.query.value().isEmpty())
	#set($query = &quot;$query AND $pageParameters.query.value()&quot;)
#end
#if($pageParameters.targetVersion.singleValue())
	#set($query = &quot;$query AND targetVersion.KEY:($pageParameters.targetVersion.singleValue().id())&quot;)
#end
#set($requirements = $transaction.workItems().search().query(&quot;$query&quot;))
#set($coveredIds = &quot;&quot;)
#set($uncoveredIds = &quot;&quot;)
#foreach($requirement in $requirements)
	#set($isCovered = false)
	#foreach($linkedWi in $requirement.fields().linkedWorkItems().back())
		#if($linkedWi.fields().role().optionId().equals(&quot;implements&quot;))
			#if($linkedWi.fields().workItem().get().fields().type().get().id().equals(&quot;userstory&quot;))
				#set($isCovered = true)
			#end
		#end
	#end
	#if($isCovered)
		#set($coveredIds = &quot;$!coveredIds $requirement.getReference().id()&quot;)
	#else
		#set($uncoveredIds = &quot;$!uncoveredIds $requirement.getReference().id()&quot;)
	#end
#end

$!pageContext.put(&quot;coveredIds&quot;, $coveredIds)
$!pageContext.put(&quot;uncoveredIds&quot;, $uncoveredIds)

Covered IDs: $coveredIds &lt;br/&gt;
Uncovered IDs: $uncoveredIds
</pre>]]></field>
    <field id="title">Requirement User Story Coverage</field>
</rich-page>
