<?xml version="1.0" encoding="UTF-8" standalone="no"?>
<work-item>
    <field id="assignee">sDeveloper</field>
    <field id="author">rProject</field>
    <field id="categories">
        <list>
            <item>usermanagement</item>
            <item>api</item>
        </list>
    </field>
    <field id="created">2009-05-24 11:30:39.838 +0200</field>
    <field id="description" text-type="text/html">&lt;div&gt;&lt;br&gt;&lt;/div&gt;</field>
    <field id="initialEstimate">1d</field>
    <field id="linkedWorkItems">
        <list>
            <struct>
                <item id="role">implements</item>
                <item id="workItem">EL-136</item>
            </struct>
        </list>
    </field>
    <field id="previousStatus">open</field>
    <field id="priority">50.0</field>
    <field id="resolution">done</field>
    <field id="resolvedOn">2009-05-24 11:39:25.160 +0200</field>
    <field id="severity">normal</field>
    <field id="status">done</field>
    <field id="timeSpent">2d</field>
    <field id="title">Define API to set contact informarmation</field>
    <field id="type">task</field>
</work-item>
