<?xml version="1.0" encoding="UTF-8" standalone="no"?>
<work-item>
    <field id="assignee">pGUI</field>
    <field id="author">rProject</field>
    <field id="categories">
        <list>
            <item>usermanagement</item>
        </list>
    </field>
    <field id="created">2010-12-03 13:40:40.747 +0100</field>
    <field id="description" text-type="text/html">There are two user roles: Basic User and Administrator. Basic users have no access to the administration portal.</field>
    <field id="initialEstimate">6d</field>
    <field id="previousStatus">implemented</field>
    <field id="priority">70.0</field>
    <field id="resolution">done</field>
    <field id="resolvedOn">2010-12-03 13:41:21.656 +0100</field>
    <field id="severity">should_have</field>
    <field id="status">verified</field>
    <field id="storyPoints" type="integer">8</field>
    <field id="timeSpent">6d</field>
    <field id="title">There are two user roles: Basic User and Administrator.</field>
    <field id="type">userstory</field>
</work-item>
