<?xml version="1.0" encoding="UTF-8" standalone="no"?>
<work-item>
    <field id="assignee">pGUI</field>
    <field id="author">rProject</field>
    <field id="categories">
        <list>
            <item>administration</item>
            <item>projectadmin</item>
            <item>usermanagement</item>
        </list>
    </field>
    <field id="created">2009-05-25 09:47:30.389 +0200</field>
    <field id="description" text-type="text/html">&lt;div&gt;&lt;p&gt;And of course also mark the administrator as basic user&lt;br&gt;&lt;/p&gt;&lt;/div&gt;</field>
    <field id="initialEstimate">3h</field>
    <field id="linkedWorkItems">
        <list>
            <struct>
                <item id="role">implements</item>
                <item id="workItem">EL-143</item>
            </struct>
        </list>
    </field>
    <field id="previousStatus">done</field>
    <field id="priority">50.0</field>
    <field id="resolution">done</field>
    <field id="resolvedOn">2009-05-25 10:08:03.875 +0200</field>
    <field id="severity">normal</field>
    <field id="status">verified</field>
    <field id="timeSpent">3h</field>
    <field id="title">Implement action to let the system administrator mark the user as administrator</field>
    <field id="type">task</field>
</work-item>
