<?xml version="1.0" encoding="UTF-8" standalone="no"?>
<plan>
    <field id="allowedTypes">
        <list>
            <item>userstory</item>
        </list>
    </field>
    <field id="author">rProject</field>
    <field id="calculationType">customFieldBased</field>
    <field id="capacity">19.0</field>
    <field id="created">2017-02-20 11:23:29.669 +0100</field>
    <field id="description" text-type="text/plain">Iterations are short time frames (timeboxes) that typically last from one to four weeks.</field>
    <field id="dueDate">2017-03-02</field>
    <field id="estimationField">storyPoints</field>
    <field id="name">Iteration 4</field>
    <field id="parent">Version_1_0</field>
    <field id="prioritizationField">priority</field>
    <field id="records">
        <list>
            <struct>
                <item id="item">EL-130</item>
            </struct>
            <struct>
                <item id="item">EL-117</item>
            </struct>
        </list>
    </field>
    <field id="startDate">2017-02-15</field>
    <field id="startedOn">2017-02-27 10:38:43.580 +0100</field>
    <field id="status">open</field>
    <field id="template">iteration</field>
    <field id="useReportFromTemplate">true</field>
</plan>
