<?xml version="1.0" encoding="UTF-8" standalone="no"?>
<work-item>
    <field id="author">mTest</field>
    <field id="categories">
        <list>
            <item>objects</item>
        </list>
    </field>
    <field id="created">2017-05-18 11:39:19.719 +0200</field>
    <field id="description" text-type="text/html">&lt;b&gt;Test Run:&lt;/b&gt; &lt;span id="link" class="polarion-rte-link" data-type="testRun" data-item-id="1_0 UAT" data-option-id="long"&gt;&lt;/span&gt;&lt;br/&gt;&lt;b&gt;Test Case:&lt;/b&gt; &lt;span id="link" class="polarion-rte-link" data-type="workItem" data-item-id="EL-42" data-option-id="long"&gt;&lt;/span&gt;&lt;br/&gt;&lt;table class="polarion-no-style-cleanup" style="border-collapse: collapse;"&gt;&lt;tr style="text-align: left; white-space: nowrap; color: #757575; border-bottom: 1px solid #d2d7da; background-color: #ffffff;"&gt;&lt;th style="text-align: left; padding: 10px; vertical-align: top; background-color: #ffffff;"&gt;&lt;/th&gt;&lt;th style="text-align: left; padding: 10px; vertical-align: top; background-color: #ffffff;"&gt;#&lt;/th&gt;&lt;th style="text-align: left; padding: 10px; vertical-align: top; background-color: #ffffff;"&gt;&lt;span class="polarion-no-style-cleanup" title="Step"&gt;Step&lt;/span&gt;&lt;/th&gt;&lt;th style="text-align: left; padding: 10px; vertical-align: top; background-color: #ffffff;"&gt;&lt;span class="polarion-no-style-cleanup" title="Step Description"&gt;Step Description&lt;/span&gt;&lt;/th&gt;&lt;th style="text-align: left; padding: 10px; vertical-align: top; background-color: #ffffff;"&gt;&lt;span class="polarion-no-style-cleanup" title="Expected Result"&gt;Expected Result&lt;/span&gt;&lt;/th&gt;&lt;th style="text-align: left; padding: 10px; vertical-align: top; background-color: #ffffff;"&gt;Actual Result&lt;/th&gt;&lt;/tr&gt;&lt;tr style="border-bottom: 1px solid #f0f0f0;"&gt;&lt;td style="text-align: left; padding: 10px; vertical-align: top; background-color: #ffffff;"&gt;&lt;span class="polarion-no-style-cleanup" title="Passed"&gt;&lt;span style="white-space:nowrap;"&gt;&lt;img src="/polarion/icons/default/enums/testrun_status_passed.png" onmousedown="return false;" style="vertical-align:text-bottom;border:0px;margin-right:2px;" contentEditable="false" class="polarion-no-style-cleanup"/&gt;&lt;/span&gt;&lt;/span&gt;&lt;/td&gt;&lt;td style="text-align: left; padding: 10px; vertical-align: top; background-color: #ffffff;font-weight: bold;"&gt;1&lt;/td&gt;&lt;td style="text-align: left; padding: 10px; vertical-align: top; background-color: #ffffff;font-weight: bold;"&gt;Search for a book. &lt;/td&gt;&lt;td style="text-align: left; padding: 10px; vertical-align: top; background-color: #ffffff;"&gt;E.g. using keywords&lt;/td&gt;&lt;td style="text-align: left; padding: 10px; vertical-align: top; background-color: #ffffff;"&gt;The results page is shown. &lt;/td&gt;&lt;td style="text-align: left; padding: 10px; vertical-align: top; background-color: #ffffff;"&gt;&lt;/td&gt;&lt;/tr&gt;&lt;tr style="border-bottom: 1px solid #f0f0f0;"&gt;&lt;td style="text-align: left; padding: 10px; vertical-align: top; background-color: #ffffff;"&gt;&lt;span class="polarion-no-style-cleanup" title="Failed"&gt;&lt;span style="white-space:nowrap;"&gt;&lt;img src="/polarion/icons/default/enums/testrun_status_failed.png" onmousedown="return false;" style="vertical-align:text-bottom;border:0px;margin-right:2px;" contentEditable="false" class="polarion-no-style-cleanup"/&gt;&lt;/span&gt;&lt;/span&gt;&lt;/td&gt;&lt;td style="text-align: left; padding: 10px; vertical-align: top; background-color: #ffffff;font-weight: bold;"&gt;2&lt;/td&gt;&lt;td style="text-align: left; padding: 10px; vertical-align: top; background-color: #ffffff;font-weight: bold;"&gt;Open a book&amp;#39;s properties dialog. &lt;/td&gt;&lt;td style="text-align: left; padding: 10px; vertical-align: top; background-color: #ffffff;"&gt;&lt;/td&gt;&lt;td style="text-align: left; padding: 10px; vertical-align: top; background-color: #ffffff;"&gt;The book&amp;#39;s properties dialog is shown. &lt;/td&gt;&lt;td style="text-align: left; padding: 10px; vertical-align: top; background-color: #ffffff;"&gt;&lt;/td&gt;&lt;/tr&gt;&lt;tr style="border-bottom: 1px solid #f0f0f0;"&gt;&lt;td style="text-align: left; padding: 10px; vertical-align: top; background-color: #ffffff;"&gt;&lt;span class="polarion-no-style-cleanup" title="Blocked"&gt;&lt;span style="white-space:nowrap;"&gt;&lt;img src="/polarion/icons/default/enums/testrun_status_blocked.png" onmousedown="return false;" style="vertical-align:text-bottom;border:0px;margin-right:2px;" contentEditable="false" class="polarion-no-style-cleanup"/&gt;&lt;/span&gt;&lt;/span&gt;&lt;/td&gt;&lt;td style="text-align: left; padding: 10px; vertical-align: top; background-color: #ffffff;font-weight: bold;"&gt;3&lt;/td&gt;&lt;td style="text-align: left; padding: 10px; vertical-align: top; background-color: #ffffff;font-weight: bold;"&gt;Check the author&amp;#39;s name.&lt;/td&gt;&lt;td style="text-align: left; padding: 10px; vertical-align: top; background-color: #ffffff;"&gt;The book&amp;#39;s &amp;quot;Properties&amp;quot; dialog should show the book&amp;#39;s author.&lt;/td&gt;&lt;td style="text-align: left; padding: 10px; vertical-align: top; background-color: #ffffff;"&gt;The author&amp;#39;s name is displayed in the dialog and is clickable.&lt;/td&gt;&lt;td style="text-align: left; padding: 10px; vertical-align: top; background-color: #ffffff;"&gt;&lt;/td&gt;&lt;/tr&gt;&lt;tr style="border-bottom: 1px solid #f0f0f0;"&gt;&lt;td style="text-align: left; padding: 10px; vertical-align: top; background-color: #ffffff;"&gt;&lt;span class="polarion-no-style-cleanup" title="Blocked"&gt;&lt;span style="white-space:nowrap;"&gt;&lt;img src="/polarion/icons/default/enums/testrun_status_blocked.png" onmousedown="return false;" style="vertical-align:text-bottom;border:0px;margin-right:2px;" contentEditable="false" class="polarion-no-style-cleanup"/&gt;&lt;/span&gt;&lt;/span&gt;&lt;/td&gt;&lt;td style="text-align: left; padding: 10px; vertical-align: top; background-color: #ffffff;font-weight: bold;"&gt;4&lt;/td&gt;&lt;td style="text-align: left; padding: 10px; vertical-align: top; background-color: #ffffff;font-weight: bold;"&gt;Click on the author&amp;#39;s name.&lt;/td&gt;&lt;td style="text-align: left; padding: 10px; vertical-align: top; background-color: #ffffff;"&gt;Left click to open the &amp;quot;Author&amp;#39;s Details&amp;quot; dialog.&lt;/td&gt;&lt;td style="text-align: left; padding: 10px; vertical-align: top; background-color: #ffffff;"&gt;The dialog is opened and renders: First name, last name, nationality, and date of birth .&lt;/td&gt;&lt;td style="text-align: left; padding: 10px; vertical-align: top; background-color: #ffffff;"&gt;&lt;/td&gt;&lt;/tr&gt;&lt;/table&gt;&lt;table style="margin-bottom: 15px; ;border-collapse: collapse; width:100%; ;margin-top: 13px;" class="polarion-no-style-cleanup"&gt;&lt;tr&gt;&lt;th style="width: 80%; text-align: left; background-color: #ffffff;"&gt;Test Case Verdict:&lt;/th&gt;&lt;/tr&gt;&lt;tr&gt;&lt;td style="vertical-align: top;"&gt;&lt;span style="font-weight: bold;"&gt;&lt;span style="color: #E74C3C;"&gt;&lt;span class="polarion-no-style-cleanup" title="Failed"&gt;&lt;span style="white-space:nowrap;"&gt;&lt;img src="/polarion/icons/default/enums/testrun_status_failed.png" onmousedown="return false;" style="vertical-align:text-bottom;border:0px;margin-right:2px;" contentEditable="false" class="polarion-no-style-cleanup"/&gt;&lt;/span&gt;Failed&lt;/span&gt;&lt;/span&gt;&lt;/span&gt;&lt;/td&gt;&lt;/tr&gt;&lt;/table&gt;</field>
    <field id="linkedWorkItems">
        <list>
            <struct>
                <item id="role">triggered_by</item>
                <item id="workItem">EL-42</item>
            </struct>
        </list>
    </field>
    <field id="occurredInVersion" type="string">1.0</field>
    <field id="priority">50.0</field>
    <field id="severity">normal</field>
    <field id="status">open</field>
    <field id="title">Failed: Open Author details</field>
    <field id="type">issue</field>
</work-item>
