<?xml version="1.0" encoding="UTF-8" standalone="no"?>
<work-item>
    <field id="assignee">pGUI</field>
    <field id="author">rProject</field>
    <field id="categories">
        <list>
            <item>objects</item>
        </list>
    </field>
    <field id="created">2010-11-20 13:14:25.867 +0100</field>
    <field id="description" text-type="text/html"><![CDATA[When viewing a book&#39;s details, users also want to get information about the author or authors. The details should include:<br/>
 
<ul>
  <li>Full name</li>
  <li>Date of birth</li>
  <li>Date of death (If deceased) </li>
  <li>A list of other books written by them. (If more than 5, the 6th entry can be a link to a complete bibliography page.)<br/>
    </li>
</ul>]]></field>
    <field id="initialEstimate">6d</field>
    <field id="previousStatus">closed</field>
    <field id="priority">86.0</field>
    <field id="resolution">done</field>
    <field id="resolvedOn">2010-11-25 16:34:20.978 +0100</field>
    <field id="severity">must_have</field>
    <field id="status">verified</field>
    <field id="storyPoints" type="integer">8</field>
    <field id="timeSpent">6d</field>
    <field id="title">Basic Author Details</field>
    <field id="type">userstory</field>
</work-item>
