<?xml version="1.0" encoding="UTF-8" standalone="no"?>
<rich-page>
    <field id="author">admin</field>
    <field id="created">2017-01-17 10:08:47.378 +0100</field>
    <field id="homePageContent" text-type="text/html"><![CDATA[<div class="polarion-rp-column" style="width: 100%;">
  <h1 id="polarion_hardcoded_0">Requirement Statistics</h1>
  <p id="polarion_2">
    <span class="polarion-rp-inline-widget" data-widget="com.polarion.scriptInline">
      <span class="polarion-rp-widget-parameters" style="display: none;">
        <sub id="script">
          <sub id="script" style="white-space:pre;">## Reported By
#set($infoText = &quot;Reported by $transaction.users().getBy().id($securityService.getCurrentUser()).render()&lt;br/&gt;$date.long&quot;)
#if($widgetContext.target().isEditor())
	&lt;div style=&quot;color: grey; text-align: left;&quot;&gt;$infoText&lt;div&gt;
#elseif($widgetContext.target().isPdf())
	&lt;div style=&quot;color: grey; text-align: right; position: absolute; top: 22px; right: 10px;&quot;&gt;$infoText&lt;div&gt;
#elseif($widgetContext.target().isPrint())		
	&lt;div style=&quot;text-align: right; position: absolute; top: 35px; right: 10px;&quot;&gt;$infoText&lt;div&gt;
#end</sub>
        </sub>
      </span>
    </span>
  </p>
</div>
<div class="polarion-rp-row-separator" page_min_width="1000"></div>
<div class="polarion-rp-column" style="width: 100%;">
  <h2 id="polarion_client11">Requirements by Status</h2>
  <div id="polarion_client9" class="polarion-rp-widget-part" data-widget="itemsbystatustiles">
    <span class="polarion-rp-widget-parameters" style="display: none;">
      <sub id="dataSet">
        <sub id="prototype">WorkItem</sub>
        <sub id="subtype">requirement</sub>
        <sub id="queryType">lucene</sub>
        <sub id="luceneQuery" style="white-space:pre;"></sub>
      </sub>
      <sub id="displayChart">true</sub>
      <sub id="align">
        <sub id="values">
          <sub>center</sub>
        </sub>
      </sub>
    </span>
  </div>
</div>
<div class="polarion-rp-row-separator"></div>
<div class="polarion-rp-column" style="width: 100%;">
  <h2 id="polarion_client45">Requirement Trends (30 days)</h2>
  <p id="polarion_client5"></p>
</div>
<div class="polarion-rp-row-separator"></div>
<div class="polarion-rp-column" style="width: 70%;">
  <div id="polarion_client15" class="polarion-rp-widget-part" data-widget="com.polarion.intervalFieldChart">
    <span class="polarion-rp-widget-parameters" style="display: none;">
      <sub id="title"></sub>
      <sub id="data">
        <sub id="elements">
          <sub>
            <sub id="prototype">WorkItem</sub>
            <sub id="subtype">requirement</sub>
            <sub id="queryType">lucene</sub>
            <sub id="luceneQuery" style="white-space:pre;"></sub>
            <sub id="children">
              <sub id="intervalField">
                <sub id="field">created</sub>
              </sub>
              <sub id="name">New Requirements</sub>
              <sub id="color">rgb(155, 89, 182)</sub>
            </sub>
          </sub>
          <sub>
            <sub id="prototype">WorkItem</sub>
            <sub id="subtype">requirement</sub>
            <sub id="queryType">lucene</sub>
            <sub id="luceneQuery" style="white-space:pre;">status:rejected</sub>
            <sub id="children">
              <sub id="intervalField">
                <sub id="field">created</sub>
              </sub>
              <sub id="name">New Rejected Requirements</sub>
              <sub id="color">rgb(163, 0, 0)</sub>
            </sub>
          </sub>
          <sub>
            <sub id="prototype">WorkItem</sub>
            <sub id="subtype">requirement</sub>
            <sub id="queryType">lucene</sub>
            <sub id="luceneQuery" style="white-space:pre;">status:verified</sub>
            <sub id="children">
              <sub id="intervalField">
                <sub id="field">created</sub>
              </sub>
              <sub id="name">New Verified Requirements</sub>
              <sub id="color">rgb(0, 128, 0)</sub>
            </sub>
          </sub>
        </sub>
      </sub>
      <sub id="timeAxis">
        <sub id="from">
          <sub id="relative">-30</sub>
        </sub>
        <sub id="to">
          <sub id="relative">0</sub>
        </sub>
        <sub id="scaleType">day</sub>
        <sub id="baseDate">1</sub>
      </sub>
      <sub id="advanced">
        <sub id="height">300px</sub>
        <sub id="width"></sub>
      </sub>
    </span>
  </div>
  <div id="polarion_client7" class="polarion-rp-widget-part" data-widget="com.polarion.multiSetTrendChart">
    <span class="polarion-rp-widget-parameters" style="display: none;">
      <sub id="title"></sub>
      <sub id="data">
        <sub id="elements">
          <sub>
            <sub id="prototype">WorkItem</sub>
            <sub id="subtype">requirement</sub>
            <sub id="queryType">lucene</sub>
            <sub id="luceneQuery" style="white-space:pre;"></sub>
            <sub id="children">
              <sub id="name">Total Requirements</sub>
              <sub id="color">rgb(155, 89, 182)</sub>
            </sub>
          </sub>
          <sub>
            <sub id="prototype">WorkItem</sub>
            <sub id="subtype">requirement</sub>
            <sub id="queryType">lucene</sub>
            <sub id="luceneQuery" style="white-space:pre;">status:rejected</sub>
            <sub id="children">
              <sub id="name">Total Rejected Requirements</sub>
              <sub id="color">rgb(163, 0, 0)</sub>
            </sub>
          </sub>
          <sub>
            <sub id="prototype">WorkItem</sub>
            <sub id="subtype">requirement</sub>
            <sub id="queryType">lucene</sub>
            <sub id="luceneQuery" style="white-space:pre;">status:verified</sub>
            <sub id="children">
              <sub id="name">Total Verified Requirements</sub>
              <sub id="color">rgb(0, 128, 0)</sub>
            </sub>
          </sub>
        </sub>
      </sub>
      <sub id="timeAxis">
        <sub id="from">
          <sub id="relative">-30</sub>
        </sub>
        <sub id="to">
          <sub id="relative">0</sub>
        </sub>
        <sub id="scaleType">day</sub>
        <sub id="baseDate">1</sub>
      </sub>
      <sub id="advanced">
        <sub id="height">250px</sub>
        <sub id="width"></sub>
      </sub>
    </span>
  </div>
  <p id="polarion_client13"></p>
</div>
<div class="polarion-rp-column" style="width: 30%;">
  <div id="polarion_client1" class="polarion-rp-widget-part" data-widget="com.polarion.scriptBlock">
    <span class="polarion-rp-widget-parameters">
      <sub id="script">
        <sub id="script" style="white-space:pre;">#info(&quot;Requirements in the Draft, Reviewed or Approved states.&quot;)</sub>
      </sub>
    </span>
  </div>
  <div id="polarion_client39" class="polarion-rp-widget-part" data-widget="com.polarion.multiSetTrendChart">
    <span class="polarion-rp-widget-parameters">
      <sub id="title">Requirements in Process</sub>
      <sub id="data">
        <sub id="elements">
          <sub>
            <sub id="prototype">WorkItem</sub>
            <sub id="subtype">requirement</sub>
            <sub id="queryType">lucene</sub>
            <sub id="luceneQuery" style="white-space:pre;">status:(draft reviewed approved)</sub>
            <sub id="children">
              <sub id="name">Total Requirements in Process</sub>
              <sub id="color">rgb(163, 0, 0)</sub>
            </sub>
          </sub>
        </sub>
      </sub>
      <sub id="timeAxis">
        <sub id="from">
          <sub id="relative">-30</sub>
        </sub>
        <sub id="to">
          <sub id="relative">0</sub>
        </sub>
        <sub id="scaleType">day</sub>
        <sub id="baseDate">1</sub>
      </sub>
      <sub id="advanced">
        <sub id="height">200px</sub>
        <sub id="width"></sub>
      </sub>
    </span>
  </div>
  <p id="polarion_client36"></p>
</div>
<div class="polarion-rp-row-separator"></div>
<div class="polarion-rp-column" style="width: 50%;">
  <h2 id="polarion_client37">Requirements by Type</h2>
  <p id="polarion_client10"></p>
</div>
<div class="polarion-rp-column" style="width: 50%;">
  <h2 id="polarion_client21">Requirements by Category</h2>
  <p id="polarion_client20"></p>
</div>
<div class="polarion-rp-row-separator"></div>
<div class="polarion-rp-column" style="width: 20%;">
  <div id="polarion_client30" class="polarion-rp-widget-part" data-widget="com.polarion.scriptBlock">
    <span class="polarion-rp-widget-parameters" style="display: none;">
      <sub id="script">
        <sub id="script" style="white-space:pre;">## Requirements by Requirement Type
#set($projectId = $page.getReference().projectId())
&lt;table class=&quot;polarion-rpw-table-content&quot;&gt;
	&lt;thead&gt;
		&lt;tr class=&quot;polarion-rpw-table-header-row&quot;&gt;
			&lt;th&gt;Type&lt;/th&gt;
			&lt;th style=&quot;text-align: center;&quot;&gt;Count&lt;/th&gt;
		&lt;/tr&gt;
	&lt;/thead&gt;
	&lt;/tbody&gt;
		#foreach($type in $transaction.enumerations().getEnumeration(&quot;reqtype&quot;).forType(&quot;requirement&quot;).forProject(&quot;$projectId&quot;).options())
			#set($typeId = $type.getReference().id())
			#set($query = &quot;project.id:$projectId AND type:requirement AND reqType.KEY:$typeId&quot;)
			#set($count = $transaction.workItems().count().query(&quot;$query&quot;).result())
			#set($link = $transaction.context().createPortalLink().project(&quot;$projectId&quot;).workItems().query(&quot;$query&quot;).toEncodedRelativeUrl())
			&lt;tr class=&quot;polarion-rpw-table-content-row&quot;&gt;
				&lt;td&gt;$type.render()&lt;/td&gt;
				&lt;td&gt;&lt;a href=&quot;$link&quot; target=&quot;_top&quot; style=&quot;display: block; width: 100%; height: 100%; text-align: center;&quot;&gt;$count&lt;/a&gt;&lt;/td&gt;
			&lt;/tr&gt;
		#end
	&lt;/tbody&gt;
&lt;/table&gt;</sub>
      </sub>
    </span>
  </div>
  <p id="polarion_3"></p><p id="polarion_client31"></p><p id="polarion_client32"></p>
</div>
<div class="polarion-rp-column" style="width: 30%;">
  <div id="polarion_client19" class="polarion-rp-widget-part" data-widget="com.polarion.separateByPieChart">
    <span class="polarion-rp-widget-parameters" style="display: none;">
      <sub id="title"> </sub>
      <sub id="dataSet">
        <sub id="prototype">WorkItem</sub>
        <sub id="subtype">requirement</sub>
        <sub id="queryType">lucene</sub>
        <sub id="luceneQuery" style="white-space:pre;"> </sub>
        <sub id="children">
          <sub id="separateBy">
            <sub id="field">reqType</sub>
          </sub>
        </sub>
      </sub>
      <sub id="showDataLabels">true</sub>
      <sub id="showZeroValues">false</sub>
      <sub id="advanced">
        <sub id="height">250px</sub>
        <sub id="width"> </sub>
      </sub>
    </span>
  </div>
  <p id="polarion_client2"></p>
</div>
<div class="polarion-rp-column" style="width: 20%;">
  <div id="polarion_client24" class="polarion-rp-widget-part" data-widget="com.polarion.scriptBlock">
    <span class="polarion-rp-widget-parameters" style="display: none;">
      <sub id="script">
        <sub id="script" style="white-space:pre;">## Requirements by Category Table
#set($projectId = $page.getReference().projectId())
&lt;table class=&quot;polarion-rpw-table-content&quot;&gt;
	&lt;thead&gt;
		&lt;tr class=&quot;polarion-rpw-table-header-row&quot;&gt;
			&lt;th&gt;Category&lt;/th&gt;
			&lt;th style=&quot;text-align: center;&quot;&gt;Count&lt;/th&gt;
		&lt;/tr&gt;
	&lt;/thead&gt;
	&lt;/tbody&gt;
		#foreach($category in $transaction.categories().search().query(&quot;project.id:$projectId&quot;).sort(&quot;id&quot;))
			#set($categoryId = $category.getReference().id())
			#set($query = &quot;project.id:$projectId AND type:requirement AND categories.id:$categoryId&quot;)
			#set($count = $transaction.workItems().count().query(&quot;$query&quot;).result())
			#if($count &gt; 0)
				#set($link = $transaction.context().createPortalLink().project(&quot;$projectId&quot;).workItems().query(&quot;$query&quot;).toEncodedRelativeUrl())
				&lt;tr class=&quot;polarion-rpw-table-content-row&quot;&gt;
					&lt;td&gt;$category.render()&lt;/td&gt;
					&lt;td&gt;&lt;a href=&quot;$link&quot; target=&quot;_top&quot; style=&quot;display: block; width: 100%; height: 100%; text-align: center;&quot;&gt;$count&lt;/a&gt;&lt;/td&gt;
				&lt;/tr&gt;
			#end
		#end
		#set($query = &quot;project.id:$projectId AND type:requirement AND NOT HAS_VALUE:categories.id&quot;)
		#set($link = $transaction.context().createPortalLink().project(&quot;$projectId&quot;).workItems().query(&quot;$query&quot;).toEncodedRelativeUrl())
		#set($count = $transaction.workItems().count().query(&quot;$query&quot;).result())
		&lt;tr class=&quot;polarion-rpw-table-content-row&quot;&gt;
			&lt;td&gt;Un-categorized&lt;/td&gt;
			&lt;td&gt;&lt;a href=&quot;$link&quot; target=&quot;_top&quot; style=&quot;display: block; width: 100%; height: 100%; text-align: center;&quot;&gt;$count&lt;/a&gt;&lt;/td&gt;
		&lt;/tr&gt;
	&lt;/tbody&gt;
&lt;/table&gt;</sub>
      </sub>
    </span>
  </div>
  <p id="polarion_client6"></p>
</div>
<div class="polarion-rp-column" style="width: 30%;">
  <div id="polarion_client27" class="polarion-rp-widget-part" data-widget="com.polarion.scriptBlock">
    <span class="polarion-rp-widget-parameters" style="display: none;">
      <sub id="script">
        <sub id="script" style="white-space:pre;">## Requirements by Category Chart
#set($projectId = $page.getReference().projectId())
&lt;div class=&quot;polarion-rp-widget-part&quot; data-widget=&quot;com.polarion.multiSetPieChart&quot;&gt;
	&lt;span class=&quot;polarion-rp-widget-parameters&quot;&gt;
		&lt;sub id=&quot;title&quot;&gt;&lt;/sub&gt;
		&lt;sub id=&quot;sectors&quot;&gt;
			&lt;sub id=&quot;elements&quot;&gt;
				#foreach($category in $transaction.categories().search().query(&quot;project.id:$projectId&quot;).sort(&quot;id&quot;))
					#set($categoryId = $category.getReference().id())
					#set($query = &quot;project.id:$projectId AND type:requirement AND categories.id:$categoryId&quot;)
					&lt;sub&gt;
						&lt;sub id=&quot;prototype&quot;&gt;WorkItem&lt;/sub&gt;
						&lt;sub id=&quot;queryType&quot;&gt;luceneVelocity&lt;/sub&gt;
						&lt;sub id=&quot;luceneQuery&quot;&gt;$query&lt;/sub&gt;
						&lt;sub id=&quot;children&quot;&gt;
							&lt;sub id=&quot;sectorName&quot;&gt;$category.fields().name().get()&lt;/sub&gt;
							&lt;sub id=&quot;sectorColor&quot;&gt;&lt;/sub&gt;
						&lt;/sub&gt;
					&lt;/sub&gt;
				#end
				&lt;sub&gt;
					&lt;sub id=&quot;prototype&quot;&gt;WorkItem&lt;/sub&gt;
					&lt;sub id=&quot;queryType&quot;&gt;luceneVelocity&lt;/sub&gt;
					&lt;sub id=&quot;luceneQuery&quot;&gt;project.id:$projectId AND type:requirement AND NOT HAS_VALUE:categories.id&lt;/sub&gt;
					&lt;sub id=&quot;children&quot;&gt;
						&lt;sub id=&quot;sectorName&quot;&gt;Un-categorized&lt;/sub&gt;
						&lt;sub id=&quot;sectorColor&quot;&gt;rgb(155, 89, 182)&lt;/sub&gt;
					&lt;/sub&gt;
				&lt;/sub&gt;
			&lt;/sub&gt;
		&lt;/sub&gt;
		&lt;sub id=&quot;showDataLabels&quot;&gt;true&lt;/sub&gt;
		&lt;sub id=&quot;showZeroValues&quot;&gt;false&lt;/sub&gt;
		&lt;sub id=&quot;advanced&quot;&gt;
			&lt;sub id=&quot;height&quot;&gt;250px&lt;/sub&gt;
		&lt;/sub&gt;
	&lt;/span&gt;
&lt;/div&gt;</sub>
      </sub>
    </span>
  </div>
  <p id="polarion_client3"></p>
</div>
<div class="polarion-rp-row-separator"></div>]]></field>
    <field id="title">Requirement Statistics</field>
</rich-page>
