<?xml version="1.0" encoding="UTF-8" standalone="no"?>
<work-item>
    <field id="assignee">sDeveloper</field>
    <field id="author">rProject</field>
    <field id="categories">
        <list>
            <item>searching</item>
        </list>
    </field>
    <field id="created">2011-05-25 21:08:59.159 +0200</field>
    <field id="initialEstimate">1/2d</field>
    <field id="linkedWorkItems">
        <list>
            <struct>
                <item id="role">implements</item>
                <item id="workItem">EL-139</item>
            </struct>
        </list>
    </field>
    <field id="occurredInVersion" type="string">0.9b</field>
    <field id="previousStatus">reopened</field>
    <field id="priority">50.0</field>
    <field id="resolution">done</field>
    <field id="resolvedOn">2017-07-25 12:51:47.574 +0200</field>
    <field id="severity">critical</field>
    <field id="status">done</field>
    <field id="targetVersion" type="enum:@plan[template.id:release]">Version_1_0</field>
    <field id="timeSpent">5h</field>
    <field id="title">Cannot sort books by keywords</field>
    <field id="type">issue</field>
</work-item>
