<?xml version="1.0" encoding="UTF-8" standalone="no"?>
<work-item>
    <field id="approvals">
        <list>
            <struct>
                <item id="status">waiting</item>
                <item id="user">rProject</item>
            </struct>
        </list>
    </field>
    <field id="assignee">
        <list>
            <item>jRequirement</item>
            <item>mTest</item>
        </list>
    </field>
    <field id="author">rProject</field>
    <field id="categories">
        <list>
            <item>usermanagement</item>
        </list>
    </field>
    <field id="created">2011-01-26 20:18:24.462 +0100</field>
    <field id="description" text-type="text/html">By default there are two roles: &lt;ul&gt;&lt;li&gt;administrator&lt;/li&gt;&lt;li&gt;user&lt;/li&gt;&lt;/ul&gt;</field>
    <field id="previousStatus">draft</field>
    <field id="priority">50.0</field>
    <field id="reqType" type="enum:reqtype">software</field>
    <field id="severity">should_have</field>
    <field id="status">reviewed</field>
    <field id="type">requirement</field>
</work-item>
