<?xml version="1.0" encoding="UTF-8" standalone="no"?>
<work-item>
    <field id="assignee">pGUI</field>
    <field id="author">rProject</field>
    <field id="categories">
        <list>
            <item>administration</item>
            <item>projectadmin</item>
            <item>gui</item>
        </list>
    </field>
    <field id="created">2009-05-25 21:06:25.700 +0200</field>
    <field id="description" text-type="text/html">&lt;div&gt;&lt;br&gt;&lt;/div&gt;</field>
    <field id="initialEstimate">2d</field>
    <field id="linkedWorkItems">
        <list>
            <struct>
                <item id="role">implements</item>
                <item id="workItem">EL-136</item>
            </struct>
        </list>
    </field>
    <field id="previousStatus">open</field>
    <field id="priority">50.0</field>
    <field id="resolution">done</field>
    <field id="resolvedOn">2009-05-26 08:08:31.117 +0200</field>
    <field id="severity">normal</field>
    <field id="status">done</field>
    <field id="timeSpent">2d</field>
    <field id="title">Provide a section on user properties dialog to define contact information</field>
    <field id="type">task</field>
</work-item>
