<?xml version="1.0" encoding="UTF-8" standalone="no"?>
<work-item>
    <field id="assignee">sDeveloper</field>
    <field id="author">rProject</field>
    <field id="categories">
        <list>
            <item>usermanagement</item>
            <item>api</item>
        </list>
    </field>
    <field id="created">2009-05-24 11:32:26.438 +0200</field>
    <field id="initialEstimate">2d</field>
    <field id="linkedWorkItems">
        <list>
            <struct>
                <item id="role">depends_on</item>
                <item id="workItem">EL-50</item>
            </struct>
            <struct>
                <item id="role">implements</item>
                <item id="workItem">EL-136</item>
            </struct>
        </list>
    </field>
    <field id="previousStatus">open</field>
    <field id="priority">50.0</field>
    <field id="remainingEstimate">2d</field>
    <field id="severity">normal</field>
    <field id="status">inprogress</field>
    <field id="title">Implement IContactInfoService for remote webservice access</field>
    <field id="type">task</field>
</work-item>
