<?xml version="1.0" encoding="UTF-8" standalone="no"?>
<work-item>
    <field id="assignee">sDeveloper</field>
    <field id="author">rProject</field>
    <field id="categories">
        <list>
            <item>administration</item>
            <item>projectadmin</item>
        </list>
    </field>
    <field id="created">2009-05-25 10:07:37.653 +0200</field>
    <field id="initialEstimate">4h</field>
    <field id="linkedWorkItems">
        <list>
            <struct>
                <item id="role">implements</item>
                <item id="workItem">EL-140</item>
            </struct>
        </list>
    </field>
    <field id="previousStatus">done</field>
    <field id="priority">50.0</field>
    <field id="resolution">done</field>
    <field id="resolvedOn">2009-05-25 10:08:04.127 +0200</field>
    <field id="severity">normal</field>
    <field id="status">verified</field>
    <field id="timeSpent">4h</field>
    <field id="title">Implement support for configuration file to control permissions</field>
    <field id="type">task</field>
</work-item>
